CurrentLevel;WaveNumber;CurrentLives;CoverageByTower;;;;;;;
1;1;15;0;;;;;;;
1;1;11;30,43;;;;;;;
1;2;11;30,43;;;;;;;
1;2;11;39,13;;;;;;;
1;3;11;39,13;;;;;;;
1;3;11;52,17;;;;;;;
1;4;11;52,17;;;;;;;
1;4;11;52,17;;;;;;;
1;5;11;52,17;;;;;;;
1;5;11;52,17;;;;;;;
1;6;11;52,17;;;;;;;
1;6;11;52,17;;;;;;;
1;7;11;52,17;;;;;;;
1;7;11;52,17;;;;;;;
1;8;11;52,17;;;;;;;
1;8;11;56,52;;;;;;;
1;9;11;56,52;;;;;;;
1;9;11;60,87;;;;;;;
1;10;11;60,87;;;;;;;
1;10;11;69,57;;;;;;;
2;1;15;0;;;;;;;
2;1;12;50;;;;;;;
2;2;12;50;;;;;;;
2;2;11;58,33;;;;;;;
2;3;11;58,33;;;;;;;
2;3;6;75;;;;;;;
2;4;6;75;;;;;;;
2;4;6;83,33;;;;;;;
2;5;6;83,33;;;;;;;
2;5;6;83,33;;;;;;;
2;6;6;83,33;;;;;;;
2;6;6;83,33;;;;;;;
2;7;6;83,33;;;;;;;
2;7;6;100;;;;;;;
2;8;6;100;;;;;;;
2;8;6;100;;;;;;;
2;9;6;100;;;;;;;
2;9;6;100;;;;;;;
2;10;6;100;;;;;;;
2;10;6;100;;;;;;;
3;1;11;0;;;;;;;
3;1;11;25;;;;;;;
3;2;11;25;;;;;;;
3;2;10;35,71;;;;;;;
3;3;10;35,71;;;;;;;
3;3;10;46,43;;;;;;;
3;4;10;46,43;;;;;;;
3;4;10;46,43;;;;;;;
3;5;10;46,43;;;;;;;
3;5;10;50;;;;;;;
3;6;10;50;;;;;;;
3;6;10;50;;;;;;;
3;7;10;50;;;;;;;
3;7;10;50;;;;;;;
3;8;10;50;;;;;;;
3;8;10;50;;;;;;;
3;9;10;50;;;;;;;
3;9;10;50;;;;;;;
3;10;10;50;;;;;;;
3;10;8;57,14;;;;;;;
4;1;13;0;;;;;;;
4;1;13;16,67;;;;;;;
4;2;13;16,67;;;;;;;
4;2;13;22,22;;;;;;;
4;3;13;22,22;;;;;;;
4;3;12;25,93;;;;;;;
4;4;12;25,93;;;;;;;
4;4;10;25,93;;;;;;;
4;5;10;25,93;;;;;;;
4;5;10;25,93;;;;;;;
4;6;10;25,93;;;;;;;
4;6;10;25,93;;;;;;;
4;7;10;25,93;;;;;;;
4;7;10;25,93;;;;;;;
4;8;10;25,93;;;;;;;
4;8;10;25,93;;;;;;;
4;9;10;25,93;;;;;;;
4;9;10;25,93;;;;;;;
4;10;10;25,93;;;;;;;
4;10;8;25,93;;;;;;;
1;1;15;0;;;;;;;
1;1;5;26,09;;;;;;;
1;2;5;26,09;;;;;;;
1;2;5;43,48;;;;;;;
1;3;5;43,48;;;;;;;
1;3;5;47,83;;;;;;;
1;4;5;47,83;;;;;;;
1;4;5;47,83;;;;;;;
1;5;5;47,83;;;;;;;
1;5;5;47,83;;;;;;;
1;6;5;47,83;;;;;;;
1;6;5;47,83;;;;;;;
1;7;5;47,83;;;;;;;
1;7;5;47,83;;;;;;;
1;8;5;47,83;;;;;;;
1;8;5;47,83;;;;;;;
1;9;5;47,83;;;;;;;
1;9;5;47,83;;;;;;;
1;10;5;47,83;;;;;;;
1;10;5;47,83;;;;;;;
2;1;10;0;;;;;;;
2;1;7;50;;;;;;;
2;2;7;50;;;;;;;
2;2;7;50;;;;;;;
2;3;7;50;;;;;;;
2;3;0;58,33;;;;;;;
3;1;15;0;;;;;;;
3;1;15;21,43;;;;;;;
3;2;15;21,43;;;;;;;
3;2;15;28,57;;;;;;;
3;3;15;28,57;;;;;;;
3;3;15;28,57;;;;;;;
3;4;15;28,57;;;;;;;
3;4;15;35,71;;;;;;;
3;5;15;35,71;;;;;;;
3;5;15;39,29;;;;;;;
3;6;15;39,29;;;;;;;
3;6;15;39,29;;;;;;;
3;7;15;39,29;;;;;;;
3;7;15;39,29;;;;;;;
3;8;15;39,29;;;;;;;
3;8;15;39,29;;;;;;;
3;9;15;39,29;;;;;;;
3;9;15;39,29;;;;;;;
3;10;15;39,29;;;;;;;
3;10;13;50;;;;;;;
4;1;15;0;;;;;;;
4;1;10;12,96;;;;;;;
4;2;10;12,96;;;;;;;
4;2;10;16,67;;;;;;;
4;3;10;16,67;;;;;;;
4;3;10;20,37;;;;;;;
4;4;10;20,37;;;;;;;
4;4;10;33,33;;;;;;;
4;5;10;33,33;;;;;;;
4;5;10;33,33;;;;;;;
4;6;10;33,33;;;;;;;
4;6;10;40,74;;;;;;;
4;7;10;40,74;;;;;;;
4;7;10;40,74;;;;;;;
4;8;10;40,74;;;;;;;
4;8;10;40,74;;;;;;;
4;9;10;40,74;;;;;;;
4;9;10;40,74;;;;;;;
4;10;10;40,74;;;;;;;
4;10;9;40,74;;;;;;;
1;1;15;0;;;;;;;
1;1;8;26,09;;;;;;;
1;2;8;26,09;;;;;;;
1;2;8;26,09;;;;;;;
1;3;8;26,09;;;;;;;
1;3;8;43,48;;;;;;;
1;4;8;43,48;;;;;;;
1;4;8;47,83;;;;;;;
1;5;8;47,83;;;;;;;
1;5;8;47,83;;;;;;;
1;6;8;47,83;;;;;;;
1;6;6;47,83;;;;;;;
1;7;6;47,83;;;;;;;
1;7;6;47,83;;;;;;;
1;8;6;47,83;;;;;;;
1;8;2;47,83;;;;;;;
1;9;2;47,83;;;;;;;
1;9;2;52,17;;;;;;;
1;10;2;52,17;;;;;;;
1;10;2;52,17;;;;;;;
2;1;7;0;;;;;;;
2;1;0;41,67;;;;;;;
2;1;15;0;;;;;;;
2;1;9;50;;;;;;;
2;2;9;50;;;;;;;
2;2;7;50;;;;;;;
2;3;7;50;;;;;;;
2;3;4;66,67;;;;;;;
2;4;4;66,67;;;;;;;
2;4;4;66,67;;;;;;;
2;5;4;66,67;;;;;;;
2;5;3;75;;;;;;;
2;6;3;75;;;;;;;
2;6;3;83,33;;;;;;;
2;7;3;83,33;;;;;;;
2;7;3;91,67;;;;;;;
2;8;3;91,67;;;;;;;
2;8;3;91,67;;;;;;;
2;9;3;91,67;;;;;;;
2;9;1;100;;;;;;;
2;10;1;100;;;;;;;
2;10;1;100;;;;;;;
3;1;6;0;;;;;;;
3;1;0;17,86;;;;;;;
3;1;15;0;;;;;;;
3;1;0;10,71;;;;;;;
3;1;15;0;;;;;;;
3;1;0;17,86;;;;;;;
3;1;15;0;;;;;;;
3;1;15;21,43;;;;;;;
3;2;15;21,43;;;;;;;
3;2;15;28,57;;;;;;;
3;3;15;28,57;;;;;;;
3;3;15;32,14;;;;;;;
3;4;15;32,14;;;;;;;
3;4;15;32,14;;;;;;;
3;5;15;32,14;;;;;;;
3;5;15;42,86;;;;;;;
3;6;15;42,86;;;;;;;
3;6;15;42,86;;;;;;;
3;7;15;42,86;;;;;;;
3;7;15;42,86;;;;;;;
3;8;15;42,86;;;;;;;
3;8;15;46,43;;;;;;;
3;9;15;46,43;;;;;;;
3;9;15;46,43;;;;;;;
3;10;15;46,43;;;;;;;
3;10;15;46,43;;;;;;;
4;1;15;0;;;;;;;
4;1;7;14,81;;;;;;;
4;2;7;14,81;;;;;;;
4;2;7;18,52;;;;;;;
4;3;7;18,52;;;;;;;
4;3;7;20,37;;;;;;;
4;4;7;20,37;;;;;;;
4;4;7;22,22;;;;;;;
4;5;7;22,22;;;;;;;
4;5;7;22,22;;;;;;;
4;6;7;22,22;;;;;;;
4;6;7;22,22;;;;;;;
4;7;7;22,22;;;;;;;
4;7;7;22,22;;;;;;;
4;8;7;22,22;;;;;;;
4;8;7;22,22;;;;;;;
4;9;7;22,22;;;;;;;
4;9;2;22,22;;;;;;;
4;10;2;22,22;;;;;;;
4;10;2;25,93;;;;;;;
1;1;15;0;;;;;;;
1;1;10;26,09;;;;;;;
1;2;10;26,09;;;;;;;
1;2;10;26,09;;;;;;;
1;3;10;26,09;;;;;;;
1;3;4;39,13;;;;;;;
1;4;4;39,13;;;;;;;
1;4;4;43,48;;;;;;;
1;5;4;43,48;;;;;;;
1;5;4;43,48;;;;;;;
1;6;4;43,48;;;;;;;
1;6;4;43,48;;;;;;;
1;7;4;43,48;;;;;;;
1;7;4;43,48;;;;;;;
1;8;4;43,48;;;;;;;
1;8;4;43,48;;;;;;;
1;9;4;43,48;;;;;;;
1;9;3;43,48;;;;;;;
1;10;3;43,48;;;;;;;
1;10;3;43,48;;;;;;;
2;1;8;0;;;;;;;
2;1;4;50;;;;;;;
2;2;4;50;;;;;;;
2;2;4;58,33;;;;;;;
2;3;4;58,33;;;;;;;
2;3;4;75;;;;;;;
2;4;4;75;;;;;;;
2;4;4;91,67;;;;;;;
2;5;4;91,67;;;;;;;
2;5;4;100;;;;;;;
2;6;4;100;;;;;;;
2;6;4;100;;;;;;;
2;7;4;100;;;;;;;
2;7;4;100;;;;;;;
2;8;4;100;;;;;;;
2;8;4;100;;;;;;;
2;9;4;100;;;;;;;
2;9;4;100;;;;;;;
2;10;4;100;;;;;;;
2;10;4;100;;;;;;;
3;1;9;0;;;;;;;
3;1;8;21,43;;;;;;;
3;2;8;21,43;;;;;;;
3;2;8;25;;;;;;;
3;3;8;25;;;;;;;
3;3;7;35,71;;;;;;;
3;4;7;35,71;;;;;;;
3;4;7;35,71;;;;;;;
3;5;7;35,71;;;;;;;
3;5;6;46,43;;;;;;;
3;6;6;46,43;;;;;;;
3;6;6;50;;;;;;;
3;7;6;50;;;;;;;
3;7;6;50;;;;;;;
3;8;6;50;;;;;;;
3;8;6;53,57;;;;;;;
3;9;6;53,57;;;;;;;
3;9;6;53,57;;;;;;;
3;10;6;53,57;;;;;;;
3;10;6;53,57;;;;;;;
4;1;11;0;;;;;;;
4;1;7;14,81;;;;;;;
4;2;7;14,81;;;;;;;
4;2;7;16,67;;;;;;;
4;3;7;16,67;;;;;;;
4;3;6;20,37;;;;;;;
4;4;6;20,37;;;;;;;
4;4;6;22,22;;;;;;;
4;5;6;22,22;;;;;;;
4;5;6;25,93;;;;;;;
4;6;6;25,93;;;;;;;
4;6;5;25,93;;;;;;;
4;7;5;25,93;;;;;;;
4;7;5;25,93;;;;;;;
4;8;5;25,93;;;;;;;
4;8;5;25,93;;;;;;;
4;9;5;25,93;;;;;;;
4;9;4;25,93;;;;;;;
4;10;4;25,93;;;;;;;
4;10;4;25,93;;;;;;;
1;1;15;0;;;;;;;
1;1;0;17,39;;;;;;;
1;1;15;0;;;;;;;
1;1;8;26,09;;;;;;;
1;2;8;26,09;;;;;;;
1;2;8;26,09;;;;;;;
1;3;8;26,09;;;;;;;
1;3;8;34,78;;;;;;;
1;4;8;34,78;;;;;;;
1;4;8;34,78;;;;;;;
1;5;8;34,78;;;;;;;
1;5;8;34,78;;;;;;;
1;6;8;34,78;;;;;;;
1;6;8;34,78;;;;;;;
1;7;8;34,78;;;;;;;
1;7;8;39,13;;;;;;;
1;8;8;39,13;;;;;;;
1;8;8;47,83;;;;;;;
1;9;8;47,83;;;;;;;
1;9;8;47,83;;;;;;;
1;10;8;47,83;;;;;;;
1;10;5;52,17;;;;;;;
2;1;10;0;;;;;;;
2;1;10;58,33;;;;;;;
2;2;10;58,33;;;;;;;
2;2;9;66,67;;;;;;;
2;3;9;66,67;;;;;;;
2;3;9;83,33;;;;;;;
2;4;9;83,33;;;;;;;
2;4;9;91,67;;;;;;;
2;5;9;91,67;;;;;;;
2;5;8;91,67;;;;;;;
2;6;8;91,67;;;;;;;
2;6;8;91,67;;;;;;;
2;7;8;91,67;;;;;;;
2;7;8;91,67;;;;;;;
2;8;8;91,67;;;;;;;
2;8;8;91,67;;;;;;;
2;9;8;91,67;;;;;;;
2;9;8;100;;;;;;;
2;10;8;100;;;;;;;
2;10;8;100;;;;;;;
3;1;13;0;;;;;;;
3;1;13;25;;;;;;;
3;2;13;25;;;;;;;
3;2;13;25;;;;;;;
3;3;13;25;;;;;;;
3;3;12;32,14;;;;;;;
3;4;12;32,14;;;;;;;
3;4;12;39,29;;;;;;;
3;5;12;39,29;;;;;;;
3;5;12;53,57;;;;;;;
3;6;12;53,57;;;;;;;
3;6;12;67,86;;;;;;;
3;7;12;67,86;;;;;;;
3;7;12;67,86;;;;;;;
3;8;12;67,86;;;;;;;
3;8;12;67,86;;;;;;;
3;9;12;67,86;;;;;;;
3;9;12;67,86;;;;;;;
3;10;12;67,86;;;;;;;
3;10;10;78,57;;;;;;;
4;1;15;0;;;;;;;
4;1;2;12,96;;;;;;;
4;2;2;12,96;;;;;;;
4;2;0;14,81;;;;;;;
1;1;15;0;;;;;;;
1;1;11;30,43;;;;;;;
1;2;11;30,43;;;;;;;
1;2;10;34,78;;;;;;;
1;3;10;34,78;;;;;;;
1;3;10;43,48;;;;;;;
1;4;10;43,48;;;;;;;
1;4;10;47,83;;;;;;;
1;5;10;47,83;;;;;;;
1;5;10;52,17;;;;;;;
1;6;10;52,17;;;;;;;
1;6;10;52,17;;;;;;;
1;7;10;52,17;;;;;;;
1;7;10;52,17;;;;;;;
1;8;10;52,17;;;;;;;
1;8;10;56,52;;;;;;;
1;9;10;56,52;;;;;;;
1;9;10;56,52;;;;;;;
1;10;10;56,52;;;;;;;
1;10;10;60,87;;;;;;;
2;1;15;0;;;;;;;
2;1;13;41,67;;;;;;;
2;2;13;41,67;;;;;;;
2;2;9;58,33;;;;;;;
2;3;9;58,33;;;;;;;
2;3;7;58,33;;;;;;;
2;4;7;58,33;;;;;;;
2;4;7;75;;;;;;;
2;5;7;75;;;;;;;
2;5;7;83,33;;;;;;;
2;6;7;83,33;;;;;;;
2;6;7;100;;;;;;;
2;7;7;100;;;;;;;
2;7;7;100;;;;;;;
2;8;7;100;;;;;;;
2;8;6;100;;;;;;;
2;9;6;100;;;;;;;
2;9;6;100;;;;;;;
2;10;6;100;;;;;;;
2;10;6;100;;;;;;;
3;1;11;0;;;;;;;
3;1;11;32,14;;;;;;;
3;2;11;32,14;;;;;;;
3;2;11;35,71;;;;;;;
3;3;11;35,71;;;;;;;
3;3;11;46,43;;;;;;;
3;4;11;46,43;;;;;;;
3;4;11;53,57;;;;;;;
3;5;11;53,57;;;;;;;
3;5;11;53,57;;;;;;;
3;6;11;53,57;;;;;;;
3;6;11;60,71;;;;;;;
3;7;11;60,71;;;;;;;
3;7;11;60,71;;;;;;;
3;8;11;60,71;;;;;;;
3;8;11;60,71;;;;;;;
3;9;11;60,71;;;;;;;
3;9;11;60,71;;;;;;;
3;10;11;60,71;;;;;;;
3;10;11;60,71;;;;;;;
4;1;15;0;;;;;;;
4;1;14;14,81;;;;;;;
4;2;14;14,81;;;;;;;
4;2;14;20,37;;;;;;;
4;3;14;20,37;;;;;;;
4;3;14;25,93;;;;;;;
4;4;14;25,93;;;;;;;
4;4;14;25,93;;;;;;;
4;5;14;25,93;;;;;;;
4;5;13;25,93;;;;;;;
4;6;13;25,93;;;;;;;
4;6;13;25,93;;;;;;;
4;7;13;25,93;;;;;;;
4;7;13;25,93;;;;;;;
4;8;13;25,93;;;;;;;
4;8;13;25,93;;;;;;;
4;9;13;25,93;;;;;;;
4;9;13;25,93;;;;;;;
4;10;13;25,93;;;;;;;
4;10;13;25,93;;;;;;;
1;1;15;0;;;;;;;
1;1;7;30,43;;;;;;;
1;2;7;30,43;;;;;;;
1;2;7;39,13;;;;;;;
1;3;7;39,13;;;;;;;
1;3;7;47,83;;;;;;;
1;4;7;47,83;;;;;;;
1;4;7;47,83;;;;;;;
1;5;7;47,83;;;;;;;
1;5;7;52,17;;;;;;;
1;6;7;52,17;;;;;;;
1;6;7;52,17;;;;;;;
1;7;7;52,17;;;;;;;
1;7;7;56,52;;;;;;;
1;8;7;56,52;;;;;;;
1;8;7;56,52;;;;;;;
1;9;7;56,52;;;;;;;
1;9;7;60,87;;;;;;;
1;10;7;60,87;;;;;;;
1;10;7;60,87;;;;;;;
2;1;12;0;;;;;;;
2;1;11;58,33;;;;;;;
2;2;11;58,33;;;;;;;
2;2;11;58,33;;;;;;;
2;3;11;58,33;;;;;;;
2;3;4;83,33;;;;;;;
2;4;4;83,33;;;;;;;
2;4;4;100;;;;;;;
2;5;4;100;;;;;;;
2;5;4;100;;;;;;;
2;6;4;100;;;;;;;
2;6;4;100;;;;;;;
2;7;4;100;;;;;;;
2;7;2;100;;;;;;;
2;8;2;100;;;;;;;
2;8;0;100;;;;;;;
2;1;15;0;;;;;;;
2;1;3;58,33;;;;;;;
2;2;3;58,33;;;;;;;
2;2;1;83,33;;;;;;;
2;3;1;83,33;;;;;;;
2;3;1;100;;;;;;;
2;4;1;100;;;;;;;
2;4;1;100;;;;;;;
2;5;1;100;;;;;;;
2;5;1;100;;;;;;;
2;6;1;100;;;;;;;
2;6;1;100;;;;;;;
2;7;1;100;;;;;;;
2;7;1;100;;;;;;;
2;8;1;100;;;;;;;
2;8;1;100;;;;;;;
2;9;1;100;;;;;;;
2;9;1;100;;;;;;;
2;10;1;100;;;;;;;
2;10;0;100;;;;;;;
2;10;0;100;;;;;;;
3;1;5;0;;;;;;;
3;1;0;10,71;;;;;;;
3;1;15;0;;;;;;;
3;1;7;21,43;;;;;;;
3;2;7;21,43;;;;;;;
3;2;7;39,29;;;;;;;
3;3;7;39,29;;;;;;;
3;3;7;46,43;;;;;;;
3;4;7;46,43;;;;;;;
3;4;7;50;;;;;;;
3;5;7;50;;;;;;;
3;5;7;50;;;;;;;
3;6;7;50;;;;;;;
3;6;7;50;;;;;;;
3;7;7;50;;;;;;;
3;7;6;50;;;;;;;
3;8;6;50;;;;;;;
3;8;6;50;;;;;;;
3;9;6;50;;;;;;;
3;9;5;53,57;;;;;;;
3;10;5;53,57;;;;;;;
3;10;5;60,71;;;;;;;
4;1;10;0;;;;;;;
4;1;9;14,81;;;;;;;
4;2;9;14,81;;;;;;;
4;2;9;20,37;;;;;;;
4;3;9;20,37;;;;;;;
4;3;9;20,37;;;;;;;
4;4;9;20,37;;;;;;;
4;4;9;22,22;;;;;;;
4;5;9;22,22;;;;;;;
4;5;9;25,93;;;;;;;
4;6;9;25,93;;;;;;;
4;6;9;25,93;;;;;;;
4;7;9;25,93;;;;;;;
4;7;9;25,93;;;;;;;
4;8;9;25,93;;;;;;;
4;8;9;25,93;;;;;;;
4;9;9;25,93;;;;;;;
4;9;9;25,93;;;;;;;
4;10;9;25,93;;;;;;;
4;10;7;25,93;;;;;;;
1;1;15;0;;;;;;;
1;1;12;30,43;;;;;;;
1;2;12;30,43;;;;;;;
1;2;12;43,48;;;;;;;
1;3;12;43,48;;;;;;;
1;3;12;47,83;;;;;;;
1;4;12;47,83;;;;;;;
1;4;12;47,83;;;;;;;
1;5;12;47,83;;;;;;;
1;5;12;47,83;;;;;;;
1;6;12;47,83;;;;;;;
1;6;12;47,83;;;;;;;
1;7;12;47,83;;;;;;;
1;7;12;56,52;;;;;;;
1;8;12;56,52;;;;;;;
1;8;12;65,22;;;;;;;
1;9;12;65,22;;;;;;;
1;9;12;65,22;;;;;;;
1;10;12;65,22;;;;;;;
1;10;12;65,22;;;;;;;
2;1;15;0;;;;;;;
2;1;6;58,33;;;;;;;
2;2;6;58,33;;;;;;;
2;2;6;75;;;;;;;
2;3;6;75;;;;;;;
2;3;6;91,67;;;;;;;
2;4;6;91,67;;;;;;;
2;4;6;100;;;;;;;
2;5;6;100;;;;;;;
2;5;6;100;;;;;;;
2;6;6;100;;;;;;;
2;6;6;100;;;;;;;
2;7;6;100;;;;;;;
2;7;6;100;;;;;;;
2;8;6;100;;;;;;;
2;8;6;100;;;;;;;
2;9;6;100;;;;;;;
2;9;6;100;;;;;;;
2;10;6;100;;;;;;;
2;10;6;100;;;;;;;
3;1;11;0;;;;;;;
3;1;11;39,29;;;;;;;
3;2;11;39,29;;;;;;;
3;2;11;46,43;;;;;;;
3;3;11;46,43;;;;;;;
3;3;11;50;;;;;;;
3;4;11;50;;;;;;;
3;4;11;50;;;;;;;
3;5;11;50;;;;;;;
3;5;11;60,71;;;;;;;
3;6;11;60,71;;;;;;;
3;6;11;60,71;;;;;;;
3;7;11;60,71;;;;;;;
3;7;11;64,29;;;;;;;
3;8;11;64,29;;;;;;;
3;8;11;64,29;;;;;;;
3;9;11;64,29;;;;;;;
3;9;11;64,29;;;;;;;
3;10;11;64,29;;;;;;;
3;10;11;64,29;;;;;;;
4;1;15;0;;;;;;;
4;1;0;5,56;;;;;;;
1;1;15;0;;;;;;;
1;1;15;0;;;;;;;
1;1;15;0;;;;;;;
1;1;12;26,09;;;;;;;
1;2;12;26,09;;;;;;;
1;2;12;34,78;;;;;;;
1;3;12;34,78;;;;;;;
1;3;12;43,48;;;;;;;
1;4;12;43,48;;;;;;;
1;4;12;52,17;;;;;;;
1;5;12;52,17;;;;;;;
1;5;12;60,87;;;;;;;
1;6;12;60,87;;;;;;;
1;6;12;60,87;;;;;;;
1;7;12;60,87;;;;;;;
1;7;12;60,87;;;;;;;
1;8;12;60,87;;;;;;;
1;8;12;60,87;;;;;;;
1;9;12;60,87;;;;;;;
1;9;12;60,87;;;;;;;
1;10;12;60,87;;;;;;;
1;10;12;60,87;;;;;;;
2;1;15;0;;;;;;;
2;1;10;66,67;;;;;;;
2;2;10;66,67;;;;;;;
2;2;10;83,33;;;;;;;
2;3;10;83,33;;;;;;;
2;3;10;91,67;;;;;;;
2;4;10;91,67;;;;;;;
2;4;10;91,67;;;;;;;
2;5;10;91,67;;;;;;;
2;5;8;91,67;;;;;;;
2;6;8;91,67;;;;;;;
2;6;7;91,67;;;;;;;
2;7;7;91,67;;;;;;;
2;7;7;91,67;;;;;;;
2;8;7;91,67;;;;;;;
2;8;7;91,67;;;;;;;
2;9;7;91,67;;;;;;;
2;9;7;91,67;;;;;;;
2;10;7;91,67;;;;;;;
2;10;7;91,67;;;;;;;
3;1;12;0;;;;;;;
3;1;12;28,57;;;;;;;
3;2;12;28,57;;;;;;;
3;2;11;32,14;;;;;;;
3;3;11;32,14;;;;;;;
3;3;11;32,14;;;;;;;
3;4;11;32,14;;;;;;;
3;4;11;39,29;;;;;;;
3;5;11;39,29;;;;;;;
3;5;11;42,86;;;;;;;
3;6;11;42,86;;;;;;;
3;6;11;42,86;;;;;;;
3;7;11;42,86;;;;;;;
3;7;11;42,86;;;;;;;
3;8;11;42,86;;;;;;;
3;8;11;46,43;;;;;;;
3;9;11;46,43;;;;;;;
3;9;10;46,43;;;;;;;
3;10;10;46,43;;;;;;;
3;10;10;53,57;;;;;;;
4;1;15;0;;;;;;;
4;1;10;14,81;;;;;;;
4;2;10;14,81;;;;;;;
4;2;10;22,22;;;;;;;
4;3;10;22,22;;;;;;;
4;3;10;35,19;;;;;;;
4;4;10;35,19;;;;;;;
4;4;10;37,04;;;;;;;
4;5;10;37,04;;;;;;;
4;5;6;37,04;;;;;;;
4;6;6;37,04;;;;;;;
4;6;6;37,04;;;;;;;
4;7;6;37,04;;;;;;;
4;7;5;38,89;;;;;;;
4;8;5;38,89;;;;;;;
4;8;5;38,89;;;;;;;
4;9;5;38,89;;;;;;;
4;9;5;38,89;;;;;;;
4;10;5;38,89;;;;;;;
4;10;4;38,89;;;;;;;
1;1;15;0;;;;;;;
1;1;0;17,39;;;;;;;
1;1;15;0;;;;;;;
1;1;0;17,39;;;;;;;
1;1;15;0;;;;;;;
1;1;9;30,43;;;;;;;
1;2;9;30,43;;;;;;;
1;2;9;30,43;;;;;;;
1;3;9;30,43;;;;;;;
1;3;9;39,13;;;;;;;
1;4;9;39,13;;;;;;;
1;4;9;39,13;;;;;;;
1;5;9;39,13;;;;;;;
1;5;9;39,13;;;;;;;
1;6;9;39,13;;;;;;;
1;6;9;47,83;;;;;;;
1;7;9;47,83;;;;;;;
1;7;9;47,83;;;;;;;
1;8;9;47,83;;;;;;;
1;8;9;47,83;;;;;;;
1;9;9;47,83;;;;;;;
1;9;9;47,83;;;;;;;
1;10;9;47,83;;;;;;;
1;10;9;47,83;;;;;;;
1;1;15;0;;;;;;;
1;1;0;13,04;;;;;;;
1;1;15;0;;;;;;;
1;1;3;26,09;;;;;;;
1;2;3;26,09;;;;;;;
1;2;3;34,78;;;;;;;
1;3;3;34,78;;;;;;;
1;3;3;34,78;;;;;;;
1;4;3;34,78;;;;;;;
1;4;3;47,83;;;;;;;
1;5;3;47,83;;;;;;;
1;5;3;47,83;;;;;;;
1;6;3;47,83;;;;;;;
1;6;3;47,83;;;;;;;
1;7;3;47,83;;;;;;;
1;7;3;60,87;;;;;;;
1;8;3;60,87;;;;;;;
1;8;3;60,87;;;;;;;
1;9;3;60,87;;;;;;;
1;9;3;60,87;;;;;;;
1;10;3;60,87;;;;;;;
1;10;3;91,3;;;;;;;
2;1;8;0;;;;;;;
2;1;4;58,33;;;;;;;
2;2;4;58,33;;;;;;;
2;2;4;83,33;;;;;;;
2;3;4;83,33;;;;;;;
2;3;4;83,33;;;;;;;
2;4;4;83,33;;;;;;;
2;4;4;100;;;;;;;
2;5;4;100;;;;;;;
2;5;4;100;;;;;;;
2;6;4;100;;;;;;;
2;6;4;100;;;;;;;
2;7;4;100;;;;;;;
2;7;4;100;;;;;;;
2;8;4;100;;;;;;;
2;8;4;100;;;;;;;
2;9;4;100;;;;;;;
2;9;4;100;;;;;;;
2;10;4;100;;;;;;;
2;10;4;100;;;;;;;
3;1;9;0;;;;;;;
3;1;7;32,14;;;;;;;
3;2;7;32,14;;;;;;;
3;2;7;35,71;;;;;;;
3;3;7;35,71;;;;;;;
3;3;7;35,71;;;;;;;
3;4;7;35,71;;;;;;;
3;4;7;39,29;;;;;;;
3;5;7;39,29;;;;;;;
3;5;6;50;;;;;;;
3;6;6;50;;;;;;;
3;6;6;50;;;;;;;
3;7;6;50;;;;;;;
3;7;5;50;;;;;;;
3;8;5;50;;;;;;;
3;8;5;50;;;;;;;
3;9;5;50;;;;;;;
3;9;5;50;;;;;;;
3;10;5;50;;;;;;;
3;10;5;50;;;;;;;
4;1;10;0;;;;;;;
4;1;9;16,67;;;;;;;
4;2;9;16,67;;;;;;;
4;2;9;20,37;;;;;;;
4;3;9;20,37;;;;;;;
4;3;9;22,22;;;;;;;
4;4;9;22,22;;;;;;;
4;4;9;22,22;;;;;;;
4;5;9;22,22;;;;;;;
4;5;9;22,22;;;;;;;
4;6;9;22,22;;;;;;;
4;6;9;22,22;;;;;;;
4;7;9;22,22;;;;;;;
4;7;9;22,22;;;;;;;
4;8;9;22,22;;;;;;;
4;8;9;22,22;;;;;;;
4;9;9;22,22;;;;;;;
4;9;9;22,22;;;;;;;
4;10;9;22,22;;;;;;;
4;10;6;22,22;;;;;;;
1;1;15;0;;;;;;;
1;1;5;30,43;;;;;;;
1;2;5;30,43;;;;;;;
1;2;4;43,48;;;;;;;
1;3;4;43,48;;;;;;;
1;3;4;47,83;;;;;;;
1;4;4;47,83;;;;;;;
1;4;4;47,83;;;;;;;
1;5;4;47,83;;;;;;;
1;5;4;47,83;;;;;;;
1;6;4;47,83;;;;;;;
1;6;4;52,17;;;;;;;
1;7;4;52,17;;;;;;;
1;7;4;52,17;;;;;;;
1;8;4;52,17;;;;;;;
1;8;4;52,17;;;;;;;
1;9;4;52,17;;;;;;;
1;9;4;52,17;;;;;;;
1;10;4;52,17;;;;;;;
1;10;4;52,17;;;;;;;
2;1;9;0;;;;;;;
2;1;5;66,67;;;;;;;
2;2;5;66,67;;;;;;;
2;2;5;66,67;;;;;;;
2;3;5;66,67;;;;;;;
2;3;3;66,67;;;;;;;
2;4;3;66,67;;;;;;;
2;4;3;75;;;;;;;
2;5;3;75;;;;;;;
2;5;2;91,67;;;;;;;
2;6;2;91,67;;;;;;;
2;6;2;91,67;;;;;;;
2;7;2;91,67;;;;;;;
2;7;2;91,67;;;;;;;
2;8;2;91,67;;;;;;;
2;8;2;100;;;;;;;
2;9;2;100;;;;;;;
2;9;1;100;;;;;;;
2;10;1;100;;;;;;;
2;10;1;100;;;;;;;
3;1;6;0;;;;;;;
3;1;1;17,86;;;;;;;
3;2;1;17,86;;;;;;;
3;2;1;35,71;;;;;;;
3;3;1;35,71;;;;;;;
3;3;1;46,43;;;;;;;
3;4;1;46,43;;;;;;;
3;4;1;53,57;;;;;;;
3;5;1;53,57;;;;;;;
3;5;1;53,57;;;;;;;
3;6;1;53,57;;;;;;;
3;6;1;53,57;;;;;;;
3;7;1;53,57;;;;;;;
3;7;1;60,71;;;;;;;
3;8;1;60,71;;;;;;;
3;8;1;60,71;;;;;;;
3;9;1;60,71;;;;;;;
3;9;1;60,71;;;;;;;
3;10;1;60,71;;;;;;;
3;10;1;67,86;;;;;;;
4;1;6;0;;;;;;;
4;1;0;12,96;;;;;;;
4;1;15;0;;;;;;;
4;1;0;7,41;;;;;;;
4;1;15;0;;;;;;;
4;1;0;5,56;;;;;;;
4;1;15;0;;;;;;;
4;1;0;11,11;;;;;;;
1;1;15;0;;;;;;;
1;1;0;17,39;;;;;;;
1;1;15;0;;;;;;;
1;1;10;26,09;;;;;;;
1;2;10;26,09;;;;;;;
1;2;10;30,43;;;;;;;
1;3;10;30,43;;;;;;;
1;3;10;43,48;;;;;;;
1;4;10;43,48;;;;;;;
1;4;10;47,83;;;;;;;
1;5;10;47,83;;;;;;;
1;5;10;52,17;;;;;;;
1;6;10;52,17;;;;;;;
1;6;10;52,17;;;;;;;
1;7;10;52,17;;;;;;;
1;7;10;52,17;;;;;;;
1;8;10;52,17;;;;;;;
1;8;10;52,17;;;;;;;
1;9;10;52,17;;;;;;;
1;9;10;52,17;;;;;;;
1;10;10;52,17;;;;;;;
1;10;10;52,17;;;;;;;
2;1;15;0;;;;;;;
2;1;12;58,33;;;;;;;
2;2;12;58,33;;;;;;;
2;2;11;66,67;;;;;;;
2;3;11;66,67;;;;;;;
2;3;11;83,33;;;;;;;
2;4;11;83,33;;;;;;;
2;4;11;100;;;;;;;
2;5;11;100;;;;;;;
2;5;11;100;;;;;;;
2;6;11;100;;;;;;;
2;6;11;100;;;;;;;
2;7;11;100;;;;;;;
2;7;9;100;;;;;;;
2;8;9;100;;;;;;;
2;8;9;100;;;;;;;
2;9;9;100;;;;;;;
2;9;9;100;;;;;;;
2;10;9;100;;;;;;;
2;10;9;100;;;;;;;
3;1;14;0;;;;;;;
3;1;14;25;;;;;;;
3;2;14;25;;;;;;;
3;2;14;32,14;;;;;;;
3;3;14;32,14;;;;;;;
3;3;14;46,43;;;;;;;
3;4;14;46,43;;;;;;;
3;4;14;46,43;;;;;;;
3;5;14;46,43;;;;;;;
3;5;14;46,43;;;;;;;
3;6;14;46,43;;;;;;;
3;6;14;46,43;;;;;;;
3;7;14;46,43;;;;;;;
3;7;14;50;;;;;;;
3;8;14;50;;;;;;;
3;8;14;57,14;;;;;;;
3;9;14;57,14;;;;;;;
3;9;14;57,14;;;;;;;
3;10;14;57,14;;;;;;;
3;10;14;57,14;;;;;;;
4;1;15;0;;;;;;;
4;1;14;14,81;;;;;;;
4;2;14;14,81;;;;;;;
4;2;14;22,22;;;;;;;
4;3;14;22,22;;;;;;;
4;3;14;22,22;;;;;;;
4;4;14;22,22;;;;;;;
4;4;13;22,22;;;;;;;
4;5;13;22,22;;;;;;;
4;5;13;25,93;;;;;;;
4;6;13;25,93;;;;;;;
4;6;13;25,93;;;;;;;
4;7;13;25,93;;;;;;;
4;7;13;25,93;;;;;;;
4;8;13;25,93;;;;;;;
4;8;13;25,93;;;;;;;
4;9;13;25,93;;;;;;;
4;9;13;25,93;;;;;;;
4;10;13;25,93;;;;;;;
4;10;13;25,93;;;;;;;
1;1;15;0;;;;;;;
1;1;0;17,39;;;;;;;
1;1;15;0;;;;;;;
1;1;9;26,09;;;;;;;
1;2;9;26,09;;;;;;;
1;2;9;39,13;;;;;;;
1;3;9;39,13;;;;;;;
1;3;9;39,13;;;;;;;
1;4;9;39,13;;;;;;;
1;4;9;39,13;;;;;;;
1;5;9;39,13;;;;;;;
1;5;9;43,48;;;;;;;
1;6;9;43,48;;;;;;;
1;6;9;52,17;;;;;;;
1;7;9;52,17;;;;;;;
1;7;9;52,17;;;;;;;
1;8;9;52,17;;;;;;;
1;8;9;52,17;;;;;;;
1;9;9;52,17;;;;;;;
1;9;9;52,17;;;;;;;
1;10;9;52,17;;;;;;;
1;10;9;52,17;;;;;;;
2;1;14;0;;;;;;;
2;1;10;41,67;;;;;;;
2;2;10;41,67;;;;;;;
2;2;9;66,67;;;;;;;
2;3;9;66,67;;;;;;;
2;3;8;75;;;;;;;
2;4;8;75;;;;;;;
2;4;8;91,67;;;;;;;
2;5;8;91,67;;;;;;;
2;5;7;100;;;;;;;
2;6;7;100;;;;;;;
2;6;7;100;;;;;;;
2;7;7;100;;;;;;;
2;7;7;100;;;;;;;
2;8;7;100;;;;;;;
2;8;6;100;;;;;;;
2;9;6;100;;;;;;;
2;9;6;100;;;;;;;
2;10;6;100;;;;;;;
2;10;6;100;;;;;;;
3;1;11;0;;;;;;;
3;1;10;25;;;;;;;
3;2;10;25;;;;;;;
3;2;10;32,14;;;;;;;
3;3;10;32,14;;;;;;;
3;3;10;64,29;;;;;;;
3;4;10;64,29;;;;;;;
3;4;10;64,29;;;;;;;
3;5;10;64,29;;;;;;;
3;5;10;64,29;;;;;;;
3;6;10;64,29;;;;;;;
3;6;10;64,29;;;;;;;
3;7;10;64,29;;;;;;;
3;7;10;64,29;;;;;;;
3;8;10;64,29;;;;;;;
3;8;10;78,57;;;;;;;
3;9;10;78,57;;;;;;;
3;9;10;100;;;;;;;
3;10;10;100;;;;;;;
3;10;10;100;;;;;;;
4;1;15;0;;;;;;;
4;1;14;24,07;;;;;;;
4;2;14;24,07;;;;;;;
4;2;14;35,19;;;;;;;
4;3;14;35,19;;;;;;;
4;3;14;37,04;;;;;;;
4;4;14;37,04;;;;;;;
4;4;14;38,89;;;;;;;
4;5;14;38,89;;;;;;;
4;5;14;40,74;;;;;;;
4;6;14;40,74;;;;;;;
4;6;14;40,74;;;;;;;
4;7;14;40,74;;;;;;;
4;7;14;40,74;;;;;;;
4;8;14;40,74;;;;;;;
4;8;14;40,74;;;;;;;
4;9;14;40,74;;;;;;;
4;9;14;40,74;;;;;;;
4;10;14;40,74;;;;;;;
4;10;14;40,74;;;;;;;
1;1;15;0;;;;;;;
1;1;0;13,04;;;;;;;
1;1;15;0;;;;;;;
1;1;10;26,09;;;;;;;
1;2;10;26,09;;;;;;;
1;2;10;34,78;;;;;;;
1;3;10;34,78;;;;;;;
1;3;10;39,13;;;;;;;
1;4;10;39,13;;;;;;;
1;4;10;43,48;;;;;;;
1;5;10;43,48;;;;;;;
1;5;10;43,48;;;;;;;
1;6;10;43,48;;;;;;;
1;6;10;43,48;;;;;;;
1;7;10;43,48;;;;;;;
1;7;10;47,83;;;;;;;
1;8;10;47,83;;;;;;;
1;8;10;47,83;;;;;;;
1;9;10;47,83;;;;;;;
1;9;10;47,83;;;;;;;
1;10;10;47,83;;;;;;;
1;10;10;47,83;;;;;;;
2;1;15;0;;;;;;;
2;1;13;50;;;;;;;
2;2;13;50;;;;;;;
2;2;11;75;;;;;;;
2;3;11;75;;;;;;;
2;3;11;75;;;;;;;
2;4;11;75;;;;;;;
2;4;11;75;;;;;;;
2;5;11;75;;;;;;;
2;5;10;75;;;;;;;
2;6;10;75;;;;;;;
2;6;10;75;;;;;;;
2;7;10;75;;;;;;;
2;7;8;100;;;;;;;
2;8;8;100;;;;;;;
2;8;8;100;;;;;;;
2;9;8;100;;;;;;;
2;9;8;100;;;;;;;
2;10;8;100;;;;;;;
2;10;8;100;;;;;;;
3;1;13;0;;;;;;;
3;1;13;42,86;;;;;;;
3;2;13;42,86;;;;;;;
3;2;13;60,71;;;;;;;
3;3;13;60,71;;;;;;;
3;3;11;60,71;;;;;;;
3;4;11;60,71;;;;;;;
3;4;10;60,71;;;;;;;
3;5;10;60,71;;;;;;;
3;5;10;64,29;;;;;;;
3;6;10;64,29;;;;;;;
3;6;10;64,29;;;;;;;
3;7;10;64,29;;;;;;;
3;7;8;64,29;;;;;;;
3;8;8;64,29;;;;;;;
3;8;8;67,86;;;;;;;
3;9;8;67,86;;;;;;;
3;9;8;67,86;;;;;;;
3;10;8;67,86;;;;;;;
3;10;8;71,43;;;;;;;
4;1;13;0;;;;;;;
4;1;10;14,81;;;;;;;
4;2;10;14,81;;;;;;;
4;2;9;24,07;;;;;;;
4;3;9;24,07;;;;;;;
4;3;8;25,93;;;;;;;
4;4;8;25,93;;;;;;;
4;4;8;25,93;;;;;;;
4;5;8;25,93;;;;;;;
4;5;8;25,93;;;;;;;
4;6;8;25,93;;;;;;;
4;6;6;25,93;;;;;;;
4;7;6;25,93;;;;;;;
4;7;6;25,93;;;;;;;
4;8;6;25,93;;;;;;;
4;8;6;25,93;;;;;;;
4;9;6;25,93;;;;;;;
4;9;6;25,93;;;;;;;
4;10;6;25,93;;;;;;;
4;10;5;25,93;;;;;;;
1;1;15;0;;;;;;;
1;1;2;26,09;;;;;;;
1;2;2;26,09;;;;;;;
1;2;2;34,78;;;;;;;
1;3;2;34,78;;;;;;;
1;3;2;43,48;;;;;;;
1;4;2;43,48;;;;;;;
1;4;2;43,48;;;;;;;
1;5;2;43,48;;;;;;;
1;5;2;43,48;;;;;;;
1;6;2;43,48;;;;;;;
1;6;2;52,17;;;;;;;
1;7;2;52,17;;;;;;;
1;7;2;65,22;;;;;;;
1;8;2;65,22;;;;;;;
1;8;2;73,91;;;;;;;
1;9;2;73,91;;;;;;;
1;9;2;73,91;;;;;;;
1;10;2;73,91;;;;;;;
1;10;0;82,61;;;;;;;
1;1;15;0;;;;;;;
1;1;12;26,09;;;;;;;
1;2;12;26,09;;;;;;;
1;2;12;34,78;;;;;;;
1;3;12;34,78;;;;;;;
1;3;12;47,83;;;;;;;
1;4;12;47,83;;;;;;;
1;4;12;60,87;;;;;;;
1;5;12;60,87;;;;;;;
1;5;12;73,91;;;;;;;
1;6;12;73,91;;;;;;;
1;6;12;73,91;;;;;;;
1;7;12;73,91;;;;;;;
1;7;12;73,91;;;;;;;
1;8;12;73,91;;;;;;;
1;8;12;73,91;;;;;;;
1;9;12;73,91;;;;;;;
1;9;12;86,96;;;;;;;
1;10;12;86,96;;;;;;;
1;10;12;86,96;;;;;;;
2;1;15;0;;;;;;;
2;1;0;41,67;;;;;;;
2;1;15;0;;;;;;;
2;1;3;50;;;;;;;
2;2;3;50;;;;;;;
2;2;3;58,33;;;;;;;
2;3;3;58,33;;;;;;;
2;3;1;75;;;;;;;
2;4;1;75;;;;;;;
2;4;1;100;;;;;;;
2;5;1;100;;;;;;;
2;5;1;100;;;;;;;
2;6;1;100;;;;;;;
2;6;0;100;;;;;;;
2;1;15;0;;;;;;;
2;1;9;75;;;;;;;
2;2;9;75;;;;;;;
2;2;9;83,33;;;;;;;
2;3;9;83,33;;;;;;;
2;3;9;100;;;;;;;
2;4;9;100;;;;;;;
2;4;8;100;;;;;;;
2;5;8;100;;;;;;;
2;5;8;100;;;;;;;
2;6;8;100;;;;;;;
2;6;8;100;;;;;;;
2;7;8;100;;;;;;;
2;7;8;100;;;;;;;
2;8;8;100;;;;;;;
2;8;8;100;;;;;;;
2;9;8;100;;;;;;;
2;9;4;100;;;;;;;
2;10;4;100;;;;;;;
2;10;4;100;;;;;;;
3;1;9;0;;;;;;;
3;1;6;21,43;;;;;;;
3;2;6;21,43;;;;;;;
3;2;4;32,14;;;;;;;
3;3;4;32,14;;;;;;;
3;3;4;39,29;;;;;;;
3;4;4;39,29;;;;;;;
3;4;3;42,86;;;;;;;
3;5;3;42,86;;;;;;;
3;5;3;46,43;;;;;;;
3;6;3;46,43;;;;;;;
3;6;3;46,43;;;;;;;
3;7;3;46,43;;;;;;;
3;7;3;50;;;;;;;
3;8;3;50;;;;;;;
3;8;3;50;;;;;;;
3;9;3;50;;;;;;;
3;9;3;50;;;;;;;
3;10;3;50;;;;;;;
3;10;3;50;;;;;;;
4;1;8;0;;;;;;;
4;1;6;16,67;;;;;;;
4;2;6;16,67;;;;;;;
4;2;6;22,22;;;;;;;
4;3;6;22,22;;;;;;;
4;3;6;25,93;;;;;;;
4;4;6;25,93;;;;;;;
4;4;6;25,93;;;;;;;
4;5;6;25,93;;;;;;;
4;5;6;25,93;;;;;;;
4;6;6;25,93;;;;;;;
4;6;5;25,93;;;;;;;
4;7;5;25,93;;;;;;;
4;7;5;25,93;;;;;;;
4;8;5;25,93;;;;;;;
4;8;5;25,93;;;;;;;
4;9;5;25,93;;;;;;;
4;9;5;25,93;;;;;;;
4;10;5;25,93;;;;;;;
4;10;5;25,93;;;;;;;
1;1;15;0;;;;;;;
1;1;0;17,39;;;;;;;
1;1;15;0;;;;;;;
1;1;13;34,78;;;;;;;
1;2;13;34,78;;;;;;;
1;2;13;86,96;;;;;;;
1;3;13;86,96;;;;;;;
1;3;13;95,65;;;;;;;
1;4;13;95,65;;;;;;;
1;4;13;95,65;;;;;;;
1;5;13;95,65;;;;;;;
1;5;13;95,65;;;;;;;
1;6;13;95,65;;;;;;;
1;6;13;95,65;;;;;;;
1;7;13;95,65;;;;;;;
1;7;13;95,65;;;;;;;
1;8;13;95,65;;;;;;;
1;8;13;95,65;;;;;;;
1;9;13;95,65;;;;;;;
1;9;13;95,65;;;;;;;
1;10;13;95,65;;;;;;;
1;10;13;95,65;;;;;;;
2;1;15;0;;;;;;;
2;1;14;58,33;;;;;;;
2;2;14;58,33;;;;;;;
2;2;13;83,33;;;;;;;
2;3;13;83,33;;;;;;;
2;3;13;83,33;;;;;;;
2;4;13;83,33;;;;;;;
2;4;13;83,33;;;;;;;
2;5;13;83,33;;;;;;;
2;5;13;83,33;;;;;;;
2;6;13;83,33;;;;;;;
2;6;13;83,33;;;;;;;
2;7;13;83,33;;;;;;;
2;7;13;83,33;;;;;;;
2;8;13;83,33;;;;;;;
2;8;12;83,33;;;;;;;
2;9;12;83,33;;;;;;;
2;9;11;91,67;;;;;;;
2;10;11;91,67;;;;;;;
2;10;11;100;;;;;;;
3;1;15;0;;;;;;;
3;1;14;32,14;;;;;;;
3;2;14;32,14;;;;;;;
3;2;14;35,71;;;;;;;
3;3;14;35,71;;;;;;;
3;3;14;42,86;;;;;;;
3;4;14;42,86;;;;;;;
3;4;14;42,86;;;;;;;
3;5;14;42,86;;;;;;;
3;5;13;42,86;;;;;;;
3;6;13;42,86;;;;;;;
3;6;13;42,86;;;;;;;
3;7;13;42,86;;;;;;;
3;7;13;53,57;;;;;;;
3;8;13;53,57;;;;;;;
3;8;13;60,71;;;;;;;
3;9;13;60,71;;;;;;;
3;9;13;60,71;;;;;;;
3;10;13;60,71;;;;;;;
3;10;12;60,71;;;;;;;
4;1;15;0;;;;;;;
4;1;15;14,81;;;;;;;
4;2;15;14,81;;;;;;;
4;2;15;18,52;;;;;;;
4;3;15;18,52;;;;;;;
4;3;15;20,37;;;;;;;
4;4;15;20,37;;;;;;;
4;4;15;22,22;;;;;;;
4;5;15;22,22;;;;;;;
4;5;15;22,22;;;;;;;
4;6;15;22,22;;;;;;;
4;6;15;25,93;;;;;;;
4;7;15;25,93;;;;;;;
4;7;13;25,93;;;;;;;
4;8;13;25,93;;;;;;;
4;8;13;25,93;;;;;;;
4;9;13;25,93;;;;;;;
4;9;13;25,93;;;;;;;
4;10;13;25,93;;;;;;;
4;10;13;25,93;;;;;;;
1;1;15;0;;;;;;;
1;1;12;34,78;;;;;;;
1;2;12;34,78;;;;;;;
1;2;11;47,83;;;;;;;
1;3;11;47,83;;;;;;;
1;3;8;56,52;;;;;;;
1;4;8;56,52;;;;;;;
1;4;8;60,87;;;;;;;
1;5;8;60,87;;;;;;;
1;5;8;60,87;;;;;;;
1;6;8;60,87;;;;;;;
1;6;8;60,87;;;;;;;
1;7;8;60,87;;;;;;;
1;7;7;73,91;;;;;;;
1;8;7;73,91;;;;;;;
1;8;7;78,26;;;;;;;
1;9;7;78,26;;;;;;;
1;9;7;78,26;;;;;;;
1;10;7;78,26;;;;;;;
1;10;7;78,26;;;;;;;
2;1;12;0;;;;;;;
2;1;12;58,33;;;;;;;
2;2;12;58,33;;;;;;;
2;2;10;66,67;;;;;;;
2;3;10;66,67;;;;;;;
2;3;9;75;;;;;;;
2;4;9;75;;;;;;;
2;4;9;75;;;;;;;
2;5;9;75;;;;;;;
2;5;9;75;;;;;;;
2;6;9;75;;;;;;;
2;6;9;83,33;;;;;;;
2;7;9;83,33;;;;;;;
2;7;9;91,67;;;;;;;
2;8;9;91,67;;;;;;;
2;8;9;91,67;;;;;;;
2;9;9;91,67;;;;;;;
2;9;9;91,67;;;;;;;
2;10;9;91,67;;;;;;;
2;10;9;91,67;;;;;;;
3;1;14;0;;;;;;;
3;1;11;28,57;;;;;;;
3;2;11;28,57;;;;;;;
3;2;11;57,14;;;;;;;
3;3;11;57,14;;;;;;;
3;3;11;57,14;;;;;;;
3;4;11;57,14;;;;;;;
3;4;11;64,29;;;;;;;
3;5;11;64,29;;;;;;;
3;5;11;64,29;;;;;;;
3;6;11;64,29;;;;;;;
3;6;11;64,29;;;;;;;
3;7;11;64,29;;;;;;;
3;7;11;64,29;;;;;;;
3;8;11;64,29;;;;;;;
3;8;11;64,29;;;;;;;
3;9;11;64,29;;;;;;;
3;9;11;64,29;;;;;;;
3;10;11;64,29;;;;;;;
3;10;11;64,29;;;;;;;
4;1;15;0;;;;;;;
4;1;13;14,81;;;;;;;
4;2;13;14,81;;;;;;;
4;2;13;22,22;;;;;;;
4;3;13;22,22;;;;;;;
4;3;11;22,22;;;;;;;
4;4;11;22,22;;;;;;;
4;4;11;22,22;;;;;;;
4;5;11;22,22;;;;;;;
4;5;10;22,22;;;;;;;
4;6;10;22,22;;;;;;;
4;6;10;25,93;;;;;;;
4;7;10;25,93;;;;;;;
4;7;9;25,93;;;;;;;
4;8;9;25,93;;;;;;;
4;8;8;25,93;;;;;;;
4;9;8;25,93;;;;;;;
4;9;4;25,93;;;;;;;
4;10;4;25,93;;;;;;;
4;10;2;25,93;;;;;;;
;;;;;;;;;;
1;1;20;15;0;0,00;0,00;0,00;NaN;0,00;2025-02-20 14:01:57
1;1;10;15;38;44,74;55,26;0,00;71,88;34,78;2025-02-20 14:02:29
1;2;10;15;0;0,00;0,00;0,00;71,88;34,78;2025-02-20 14:02:29
1;2;1;15;38;52,63;47,37;0,00;75,00;43,48;2025-02-20 14:03:01
1;3;1;15;0;0,00;0,00;0,00;75,00;43,48;2025-02-20 14:03:01
1;3;6;15;35;40,00;31,43;28,57;78,13;56,52;2025-02-20 14:03:34
1;4;6;15;0;0,00;0,00;0,00;78,13;56,52;2025-02-20 14:03:34
1;4;9;15;35;34,29;37,14;28,57;78,13;65,22;2025-02-20 14:03:57
1;5;9;15;0;0,00;0,00;0,00;78,13;65,22;2025-02-20 14:03:57
1;5;9;15;36;38,89;30,56;30,56;81,25;69,57;2025-02-20 14:04:15
1;6;9;15;0;0,00;0,00;0,00;81,25;69,57;2025-02-20 14:04:15
1;6;24;15;37;24,32;27,03;48,65;81,25;69,57;2025-02-20 14:04:45
1;7;24;15;0;0,00;0,00;0,00;81,25;69,57;2025-02-20 14:04:45
1;1;20;15;0;0,00;0,00;0,00;NaN;0,00;2025-02-21 17:48:53
1;1;15;15;37;45,95;54,05;0,00;62,50;30,43;2025-02-21 17:49:21
1;2;15;15;0;0,00;0,00;0,00;62,50;30,43;2025-02-21 17:49:21
2;1;20;15;0;0,00;0,00;0,00;NaN;0,00;2025-02-21 17:50:16
2;1;20;15;0;0,00;0,00;0,00;NaN;0,00;2025-02-21 17:52:43
2;1;20;15;0;0,00;0,00;0,00;NaN;0,00;2025-02-21 17:54:29
1;1;20;15;0;0,00;0,00;0,00;NaN;0,00;2025-02-21 17:57:09
3;1;20;15;0;0,00;0,00;0,00;0,00;0,00;2025-02-21 17:59:09
2;1;20;15;0;0,00;0,00;0,00;NaN;0,00;2025-02-21 18:00:04
2;1;3;0;34;47,06;52,94;0,00;48,57;25,00;2025-02-21 18:00:14
2;1;20;15;0;0,00;0,00;0,00;NaN;0,00;2025-02-21 18:00:15
2;1;20;15;0;0,00;0,00;0,00;NaN;0,00;2025-02-21 18:00:31
2;1;13;15;42;59,52;40,48;0,00;91,43;58,33;2025-02-21 18:01:06
2;2;13;15;0;0,00;0,00;0,00;91,43;58,33;2025-02-21 18:01:06
4;1;20;15;0;0,00;0,00;0,00;0,00;0,00;2025-02-21 18:02:25
4;1;9;15;35;60,00;40,00;0,00;19,31;12,96;2025-02-21 18:02:52
4;2;9;15;0;0,00;0,00;0,00;19,31;12,96;2025-02-21 18:02:52
1;1;20;15;0;0,00;0,00;0,00;NaN;0,00;2025-02-21 18:14:03
1;1;2;15;36;50,00;50,00;0,00;75,00;34,78;2025-02-21 18:14:29
1;2;2;15;0;0,00;0,00;0,00;75,00;34,78;2025-02-21 18:14:29
1;1;20;15;0;0,00;0,00;0,00;NaN;0,00;2025-02-23 10:39:20
1;1;6;15;37;43,24;56,76;0,00;68,75;30,43;2025-02-23 10:39:52
1;2;6;15;0;0,00;0,00;0,00;68,75;30,43;2025-02-23 10:39:52
1;2;16;15;38;50,00;50,00;0,00;71,88;34,78;2025-02-23 10:40:13
1;3;16;15;0;0,00;0,00;0,00;71,88;34,78;2025-02-23 10:40:13
1;3;8;15;37;35,14;37,84;27,03;78,13;52,17;2025-02-23 10:40:24
1;4;8;15;0;0,00;0,00;0,00;78,13;52,17;2025-02-23 10:40:24
1;1;20;15;0;0,00;0,00;0,00;NaN;0,00;2025-02-23 10:46:33
1;1;11;14;39;41,03;58,97;0,00;53,13;26,09;2025-02-23 10:46:59
1;2;11;14;0;0,00;0,00;0,00;53,13;26,09;2025-02-23 10:46:59
1;1;20;15;0;0,00;0,00;0,00;NaN;0,00;2025-02-27 09:23:00
1;1;20;15;0;0,00;0,00;0,00;NaN;0,00;2025-02-27 09:23:52
1;1;13;15;37;59,46;40,54;0,00;71,88;30,43;2025-02-27 09:25:03
1;2;13;15;0;0,00;0,00;0,00;71,88;30,43;2025-02-27 09:25:03
1;2;3;15;38;42,11;57,89;0,00;78,13;56,52;2025-02-27 09:26:12
1;3;3;15;0;0,00;0,00;0,00;78,13;56,52;2025-02-27 09:26:12
1;3;12;15;36;30,56;38,89;30,56;81,25;65,22;2025-02-27 09:27:09
1;4;12;15;0;0,00;0,00;0,00;81,25;65,22;2025-02-27 09:27:09
1;4;15;15;37;40,54;13,51;45,95;81,25;78,26;2025-02-27 09:28:05
1;5;15;15;0;0,00;0,00;0,00;81,25;78,26;2025-02-27 09:28:05
1;5;3;15;36;33,33;33,33;33,33;81,25;91,30;2025-02-27 09:29:01
1;6;3;15;0;0,00;0,00;0,00;81,25;91,30;2025-02-27 09:29:01
1;6;22;15;38;36,84;26,32;36,84;87,50;100,00;2025-02-27 09:29:56
1;7;22;15;0;0,00;0,00;0,00;87,50;100,00;2025-02-27 09:29:56
1;7;40;15;39;35,90;35,90;28,21;90,63;100,00;2025-02-27 09:30:51
1;8;40;15;0;0,00;0,00;0,00;90,63;100,00;2025-02-27 09:30:52
1;8;81;15;35;28,57;40,00;31,43;90,63;100,00;2025-02-27 09:31:25
1;9;81;15;0;0,00;0,00;0,00;90,63;100,00;2025-02-27 09:31:25
1;9;128;15;37;37,84;24,32;37,84;90,63;100,00;2025-02-27 09:31:36
1;10;128;15;0;0,00;0,00;0,00;90,63;100,00;2025-02-27 09:31:36
1;10;169;15;37;32,43;37,84;29,73;90,63;100,00;2025-02-27 09:32:04
1;1;20;15;0;0,00;0,00;0,00;NaN;0,00;2025-03-06 15:07:43
1;1;9;15;33;57,58;42,42;0,00;59,38;30,43;2025-03-06 15:08:12
1;2;9;15;0;0,00;0,00;0,00;59,38;30,43;2025-03-06 15:08:12
1;2;13;15;36;36,11;63,89;0,00;59,38;39,13;2025-03-06 15:08:45
1;3;13;15;0;0,00;0,00;0,00;59,38;39,13;2025-03-06 15:08:45
1;3;27;15;38;34,21;28,95;36,84;78,13;47,83;2025-03-06 15:09:45
1;4;27;15;0;0,00;0,00;0,00;78,13;47,83;2025-03-06 15:09:45
1;4;27;15;37;29,73;35,14;35,14;78,13;47,83;2025-03-06 15:10:42
1;5;27;15;0;0,00;0,00;0,00;78,13;47,83;2025-03-06 15:10:42
1;5;1;14;38;18,42;42,11;39,47;78,13;56,52;2025-03-06 15:11:18
1;6;1;14;0;0,00;0,00;0,00;78,13;56,52;2025-03-06 15:11:18
1;6;39;14;37;45,95;32,43;21,62;78,13;56,52;2025-03-06 15:12:20
1;7;39;14;0;0,00;0,00;0,00;78,13;56,52;2025-03-06 15:12:20
1;7;14;14;42;38,10;33,33;28,57;81,25;78,26;2025-03-06 15:12:40
1;8;14;14;0;0,00;0,00;0,00;81,25;78,26;2025-03-06 15:12:40
1;1;20;15;0;0,00;0,00;0,00;NaN;0,00;2025-03-06 15:13:54
1;1;200;15;0;0,00;0,00;0,00;NaN;0,00;2025-03-06 16:07:31
1;1;20;15;0;0,00;0,00;0,00;NaN;0,00;2025-03-11 17:20:01
1;1;20;15;0;0,00;0,00;0,00;NaN;0,00;2025-03-11 17:20:52
1;1;20;15;0;0,00;0,00;0,00;NaN;0,00;2025-03-13 11:41:08
1;1;20;15;0;0,00;0,00;0,00;NaN;0,00;2025-03-13 11:41:27
1;1;20;15;0;0,00;0,00;0,00;NaN;0,00;2025-03-13 11:41:48
1;5;20;15;0;0,00;0,00;0,00;NaN;0,00;2025-03-20 10:40:01
1;1;20;15;0;0,00;0,00;0,00;NaN;0,00;2025-03-21 17:22:18
1;1;26;15;33;48,48;51,52;0,00;53,13;21,74;2025-03-21 17:22:53
1;2;26;15;0;0,00;0,00;0,00;53,13;21,74;2025-03-21 17:22:53
1;1;20;15;0;0,00;0,00;0,00;NaN;0,00;2025-03-21 17:29:16
1;1;20;15;0;0,00;0,00;0,00;NaN;0,00;2025-03-21 17:30:30
1;1;20;15;0;0,00;0,00;0,00;NaN;0,00;2025-03-24 10:25:38
1;1;20;15;0;0,00;0,00;0,00;NaN;0,00;2025-03-24 10:30:20
1;1;20;15;0;0,00;0,00;0,00;NaN;0,00;2025-03-27 09:24:26
1;1;20;15;0;0,00;0,00;0,00;NaN;0,00;2025-03-27 09:25:08
1;1;20;15;0;0,00;0,00;0,00;NaN;0,00;2025-03-27 09:25:15
1;1;20;15;0;0,00;0,00;0,00;NaN;0,00;2025-03-27 09:27:14
1;1;20;15;0;0,00;0,00;0,00;NaN;0,00;2025-03-27 09:28:39
1;1;20;15;0;0,00;0,00;0,00;NaN;0,00;2025-03-27 09:30:37
1;1;20;15;0;0,00;0,00;0,00;NaN;0,00;2025-03-27 10:27:17
1;1;20;15;0;0,00;0,00;0,00;NaN;0,00;2025-03-27 10:35:23
1;1;20;15;0;0,00;0,00;0,00;NaN;0,00;2025-03-27 10:45:20
1;1;20;15;0;0,00;0,00;0,00;NaN;0,00;2025-03-27 10:45:43
1;1;20;15;0;0,00;0,00;0,00;NaN;0,00;2025-03-27 10:47:18
1;1;20;15;0;0,00;0,00;0,00;NaN;0,00;2025-03-27 10:49:42
1;1;20;15;0;0,00;0,00;0,00;NaN;0,00;2025-03-27 10:50:26
1;1;20;15;0;0,00;0,00;0,00;NaN;0,00;2025-03-27 11:03:24
1;1;20;15;0;0,00;0,00;0,00;NaN;0,00;2025-03-27 11:04:14
1;1;20;15;0;0,00;0,00;0,00;NaN;0,00;2025-03-27 11:06:57
1;1;20;15;0;0,00;0,00;0,00;NaN;0,00;2025-03-27 11:08:33
1;1;20;15;0;0,00;0,00;0,00;NaN;0,00;2025-03-27 11:10:00
1;1;20;15;0;0,00;0,00;0,00;NaN;0,00;2025-03-27 11:15:18
1;1;20;15;0;0,00;0,00;0,00;NaN;0,00;2025-03-27 11:18:03
1;1;20;15;0;0,00;0,00;0,00;NaN;0,00;2025-03-27 11:19:10
1;1;20;15;0;0,00;0,00;0,00;NaN;0,00;2025-03-27 11:19:27
1;1;20;15;0;0,00;0,00;0,00;NaN;0,00;2025-03-27 11:19:47
1;1;20;15;0;0,00;0,00;0,00;NaN;0,00;2025-03-27 11:21:37
1;1;20;15;0;0,00;0,00;0,00;NaN;0,00;2025-03-27 11:22:22
1;1;20;15;0;0,00;0,00;0,00;NaN;0,00;2025-03-27 11:24:48
1;1;20;15;0;0,00;0,00;0,00;NaN;0,00;2025-03-28 09:15:53
1;1;20;15;0;0,00;0,00;0,00;NaN;0,00;2025-03-28 09:16:08
1;1;20;15;0;0,00;0,00;0,00;NaN;0,00;2025-03-28 09:16:28
1;1;20;15;0;0,00;0,00;0,00;NaN;0,00;2025-03-28 09:16:34
1;1;20;15;0;0,00;0,00;0,00;NaN;0,00;2025-03-28 09:18:27
1;1;20;15;0;0,00;0,00;0,00;NaN;0,00;2025-03-28 09:19:32
1;1;20;15;0;0,00;0,00;0,00;NaN;0,00;2025-03-28 09:20:59
1;1;20;15;0;0,00;0,00;0,00;NaN;0,00;2025-03-28 09:24:22
1;1;20;15;0;0,00;0,00;0,00;NaN;0,00;2025-03-28 09:25:39
1;1;20;15;0;0,00;0,00;0,00;NaN;0,00;2025-03-28 09:33:26
1;1;20;15;0;0,00;0,00;0,00;NaN;0,00;2025-03-28 09:36:07
1;1;20;15;0;0,00;0,00;0,00;NaN;0,00;2025-03-28 09:38:17
1;1;20;15;0;0,00;0,00;0,00;NaN;0,00;2025-03-28 09:43:49
1;1;20;15;0;0,00;0,00;0,00;NaN;0,00;2025-03-28 09:45:56
1;1;20;15;0;0,00;0,00;0,00;NaN;0,00;2025-03-28 09:46:36
1;1;20;15;0;0,00;0,00;0,00;NaN;0,00;2025-03-28 09:47:28
1;1;20;15;0;0,00;0,00;0,00;NaN;0,00;2025-03-28 09:48:18
1;1;20;15;0;0,00;0,00;0,00;NaN;0,00;2025-03-28 09:50:37
1;1;20;15;0;0,00;0,00;0,00;NaN;0,00;2025-03-28 09:55:13
1;1;20;15;0;0,00;0,00;0,00;NaN;0,00;2025-03-28 09:59:50
1;1;20;15;0;0,00;0,00;0,00;NaN;0,00;2025-03-28 10:02:31
1;1;20;15;0;0,00;0,00;0,00;NaN;0,00;2025-03-28 10:04:02
1;1;20;15;0;0,00;0,00;0,00;NaN;0,00;2025-03-28 10:05:23
1;1;20;15;0;0,00;0,00;0,00;NaN;0,00;2025-03-28 10:06:47
1;1;20;15;0;0,00;0,00;0,00;NaN;0,00;2025-03-28 10:08:53
1;1;20;15;0;0,00;0,00;0,00;NaN;0,00;2025-03-28 10:09:23
1;1;20;15;0;0,00;0,00;0,00;NaN;0,00;2025-03-28 10:14:06
1;1;20;15;0;0,00;0,00;0,00;NaN;0,00;2025-03-28 10:23:44
1;1;20;15;0;0,00;0,00;0,00;NaN;0,00;2025-03-28 10:24:37
1;1;20;15;0;0,00;0,00;0,00;NaN;0,00;2025-03-28 10:26:33
1;1;20;15;0;0,00;0,00;0,00;NaN;0,00;2025-03-28 10:30:00
1;1;20;15;0;0,00;0,00;0,00;NaN;0,00;2025-03-28 10:30:49
1;1;20;15;0;0,00;0,00;0,00;NaN;0,00;2025-03-28 10:32:42
1;1;20;15;0;0,00;0,00;0,00;NaN;0,00;2025-03-28 10:33:46
1;1;20;15;0;0,00;0,00;0,00;NaN;0,00;2025-03-28 10:34:48
1;1;12;15;36;41,67;58,33;0,00;56,25;26,09;2025-03-28 10:35:22
1;2;12;15;0;0,00;0,00;0,00;56,25;26,09;2025-03-28 10:35:22
1;2;3;15;34;47,06;52,94;0,00;81,25;65,22;2025-03-28 10:35:48
1;3;3;15;0;0,00;0,00;0,00;81,25;65,22;2025-03-28 10:35:48
1;1;20;15;0;0,00;0,00;0,00;NaN;0,00;2025-03-28 10:41:14
1;1;20;15;0;0,00;0,00;0,00;NaN;0,00;2025-03-28 10:42:18
1;1;20;15;0;0,00;0,00;0,00;NaN;0,00;2025-03-28 10:42:34
1;1;20;15;0;0,00;0,00;0,00;NaN;0,00;2025-03-28 10:43:28
1;1;20;15;0;0,00;0,00;0,00;NaN;0,00;2025-03-28 10:44:08
1;1;20;15;0;0,00;0,00;0,00;NaN;0,00;2025-03-28 10:44:20
1;1;20;15;0;0,00;0,00;0,00;NaN;0,00;2025-03-28 10:46:10
1;1;20;15;0;0,00;0,00;0,00;NaN;0,00;2025-03-28 10:47:38
1;1;20;15;0;0,00;0,00;0,00;NaN;0,00;2025-03-28 10:47:54
1;1;20;15;0;0,00;0,00;0,00;NaN;0,00;2025-03-28 10:48:57
1;1;20;15;0;0,00;0,00;0,00;NaN;0,00;2025-03-28 11:02:12
1;1;20;15;0;0,00;0,00;0,00;NaN;0,00;2025-03-28 11:05:14
1;1;20;15;0;0,00;0,00;0,00;NaN;0,00;2025-03-28 11:17:56
1;1;20;15;0;0,00;0,00;0,00;NaN;0,00;2025-03-28 11:18:31
1;1;20;15;0;0,00;0,00;0,00;NaN;0,00;2025-03-28 11:19:12
1;1;20;15;0;0,00;0,00;0,00;NaN;0,00;2025-03-28 11:20:38
1;1;20;15;0;0,00;0,00;0,00;NaN;0,00;2025-03-28 12:11:18
1;1;20;15;0;0,00;0,00;0,00;NaN;0,00;2025-03-28 12:12:39
1;1;20;15;0;0,00;0,00;0,00;NaN;0,00;2025-03-28 12:13:31
1;1;20;15;0;0,00;0,00;0,00;NaN;0,00;2025-03-28 12:14:27
1;1;20;15;0;0,00;0,00;0,00;NaN;0,00;2025-03-28 12:17:58
1;1;20;15;0;0,00;0,00;0,00;NaN;0,00;2025-03-28 12:19:49
1;1;20;15;0;0,00;0,00;0,00;NaN;0,00;2025-03-28 12:21:32
1;1;20;15;0;0,00;0,00;0,00;NaN;0,00;2025-03-28 12:23:53
1;1;20;15;0;0,00;0,00;0,00;NaN;0,00;2025-03-28 12:24:16
1;1;20;15;0;0,00;0,00;0,00;NaN;0,00;2025-03-29 09:55:44
1;1;20;15;0;0,00;0,00;0,00;NaN;0,00;2025-03-29 10:00:36
1;1;20;15;0;0,00;0,00;0,00;NaN;0,00;2025-03-29 10:01:58
1;1;20;15;0;0,00;0,00;0,00;NaN;0,00;2025-03-29 10:05:31
1;1;20;15;0;0,00;0,00;0,00;NaN;0,00;2025-03-29 10:05:53
1;1;20;15;0;0,00;0,00;0,00;NaN;0,00;2025-03-29 10:12:28
1;1;20;15;0;0,00;0,00;0,00;NaN;0,00;2025-03-29 10:12:35
1;1;20;15;0;0,00;0,00;0,00;NaN;0,00;2025-03-29 10:12:45
1;1;20;15;0;0,00;0,00;0,00;NaN;0,00;2025-03-29 10:20:34
1;1;20;15;0;0,00;0,00;0,00;NaN;0,00;2025-03-29 10:21:23
1;1;20;15;0;0,00;0,00;0,00;NaN;0,00;2025-03-29 10:21:42
1;1;20;15;0;0,00;0,00;0,00;NaN;0,00;2025-03-29 10:23:59
1;1;20;15;0;0,00;0,00;0,00;NaN;0,00;2025-03-29 10:24:51
1;1;20;15;0;0,00;0,00;0,00;NaN;0,00;2025-03-29 10:25:15
1;1;20;15;0;0,00;0,00;0,00;NaN;0,00;2025-03-29 10:25:35
1;1;20;15;0;0,00;0,00;0,00;NaN;0,00;2025-03-29 10:31:46
1;1;20;15;0;0,00;0,00;0,00;NaN;0,00;2025-03-29 10:35:35
1;1;20;15;0;0,00;0,00;0,00;NaN;0,00;2025-03-29 10:37:21
1;1;20;15;0;0,00;0,00;0,00;NaN;0,00;2025-03-29 10:41:11
1;1;20;15;0;0,00;0,00;0,00;NaN;0,00;2025-03-29 10:45:09
1;1;20;15;0;0,00;0,00;0,00;NaN;0,00;2025-03-29 10:46:11
1;1;20;15;0;0,00;0,00;0,00;NaN;0,00;2025-03-29 10:46:55
1;1;20;15;0;0,00;0,00;0,00;NaN;0,00;2025-03-29 10:47:26
1;1;3;15;38;39,47;60,53;0,00;71,88;43,48;2025-03-29 10:47:46
1;2;3;15;0;0,00;0,00;0,00;71,88;43,48;2025-03-29 10:47:46
1;1;20;15;0;0,00;0,00;0,00;NaN;0,00;2025-03-29 22:06:05
1;1;10;15;38;63,16;36,84;0,00;62,50;30,43;2025-03-29 22:07:18
1;2;10;15;0;0,00;0,00;0,00;62,50;30,43;2025-03-29 22:07:18
1;1;20;15;0;0,00;0,00;0,00;NaN;0,00;2025-03-30 10:40:27
1;1;20;15;0;0,00;0,00;0,00;NaN;0,00;2025-03-30 10:42:27
1;1;20;15;0;0,00;0,00;0,00;NaN;0,00;2025-03-30 10:42:46
1;1;15;15;35;57,14;42,86;0,00;59,38;26,09;2025-03-30 10:43:12
1;2;15;15;0;0,00;0,00;0,00;59,38;26,09;2025-03-30 10:43:12
1;1;20;15;0;0,00;0,00;0,00;NaN;0,00;2025-03-30 10:46:29
1;1;20;15;0;0,00;0,00;0,00;NaN;0,00;2025-03-30 10:47:42
1;1;20;15;0;0,00;0,00;0,00;NaN;0,00;2025-03-30 10:50:50
1;1;20;15;0;0,00;0,00;0,00;NaN;0,00;2025-03-30 10:52:26
1;1;20;15;0;0,00;0,00;0,00;NaN;0,00;2025-03-30 10:53:23
1;1;20;15;0;0,00;0,00;0,00;NaN;0,00;2025-03-30 10:54:42
1;1;20;15;0;0,00;0,00;0,00;NaN;0,00;2025-03-30 10:56:14
1;1;20;15;0;0,00;0,00;0,00;NaN;0,00;2025-03-30 10:57:28
1;1;20;15;0;0,00;0,00;0,00;NaN;0,00;2025-03-30 10:58:24
1;1;20;15;0;0,00;0,00;0,00;NaN;0,00;2025-03-30 10:59:05
1;1;20;15;0;0,00;0,00;0,00;NaN;0,00;2025-03-30 10:59:40
1;1;20;15;0;0,00;0,00;0,00;NaN;0,00;2025-04-04 12:52:54
1;1;20;15;0;0,00;0,00;0,00;NaN;0,00;2025-04-04 12:59:40
1;1;20;15;0;0,00;0,00;0,00;NaN;0,00;2025-04-04 13:00:31
1;1;20;15;0;0,00;0,00;0,00;NaN;0,00;2025-04-04 13:02:03
1;1;20;15;0;0,00;0,00;0,00;NaN;0,00;2025-04-04 13:06:04
1;1;20;15;0;0,00;0,00;0,00;NaN;0,00;2025-04-04 13:58:20
1;1;20;15;0;0,00;0,00;0,00;NaN;0,00;2025-04-04 14:01:40
1;1;20;15;0;0,00;0,00;0,00;NaN;0,00;2025-04-04 14:03:40
1;1;20;15;0;0,00;0,00;0,00;NaN;0,00;2025-04-04 14:04:54
1;1;20;15;0;0,00;0,00;0,00;NaN;0,00;2025-04-04 14:06:00
1;1;20;15;0;0,00;0,00;0,00;NaN;0,00;2025-04-04 14:09:15
1;1;20;15;0;0,00;0,00;0,00;NaN;0,00;2025-04-04 14:11:26
1;1;20;15;0;0,00;0,00;0,00;NaN;0,00;2025-04-04 14:12:54
1;1;20;15;0;0,00;0,00;0,00;NaN;0,00;2025-04-04 14:22:10
1;1;20;15;0;0,00;0,00;0,00;NaN;0,00;2025-04-04 14:22:28
1;1;20;15;0;0,00;0,00;0,00;NaN;0,00;2025-04-04 14:22:37
1;1;20;15;0;0,00;0,00;0,00;NaN;0,00;2025-04-04 14:22:46
1;1;20;15;0;0,00;0,00;0,00;NaN;0,00;2025-04-04 14:23:01
1;1;20;15;0;0,00;0,00;0,00;NaN;0,00;2025-04-04 14:26:07
1;1;20;15;0;0,00;0,00;0,00;NaN;0,00;2025-04-04 14:26:38
1;1;20;15;0;0,00;0,00;0,00;NaN;0,00;2025-04-07 09:50:14
1;1;20;15;0;0,00;0,00;0,00;NaN;0,00;2025-04-07 10:34:47
1;1;20;15;0;0,00;0,00;0,00;NaN;0,00;2025-04-07 10:40:56
1;1;20;15;0;0,00;0,00;0,00;NaN;0,00;2025-04-07 10:43:21
1;1;20;0;1;100,00;0,00;0,00;0,00;0,00;2025-04-07 10:43:24
1;1;20;15;0;0,00;0,00;0,00;NaN;0,00;2025-04-07 10:43:41
1;1;20;15;0;0,00;0,00;0,00;NaN;0,00;2025-04-07 10:43:51
1;1;997;0;5;60,00;40,00;0,00;0,00;0,00;2025-04-07 10:43:52
1;1;20;15;0;0,00;0,00;0,00;NaN;0,00;2025-04-07 10:44:16
1;1;20;15;0;0,00;0,00;0,00;NaN;0,00;2025-04-07 11:00:02
1;1;20;15;0;0,00;0,00;0,00;NaN;0,00;2025-04-07 11:14:19
1;1;20;15;0;0,00;0,00;0,00;NaN;0,00;2025-04-07 11:35:42
1;1;20;15;0;0,00;0,00;0,00;NaN;0,00;2025-04-07 11:36:15
1;1;20;15;0;0,00;0,00;0,00;NaN;0,00;2025-04-07 11:36:35
1;1;20;15;0;0,00;0,00;0,00;NaN;0,00;2025-04-07 11:38:46
1;1;20;15;0;0,00;0,00;0,00;NaN;0,00;2025-04-07 11:43:25
1;1;20;15;0;0,00;0,00;0,00;NaN;0,00;2025-04-07 11:44:37
1;1;20;15;0;0,00;0,00;0,00;NaN;0,00;2025-04-07 11:45:13
1;1;20;15;0;0,00;0,00;0,00;NaN;0,00;2025-04-07 11:45:22
1;1;20;15;0;0,00;0,00;0,00;NaN;0,00;2025-04-07 11:45:56
1;1;20;15;0;0,00;0,00;0,00;NaN;0,00;2025-04-07 11:46:30
1;1;20;15;0;0,00;0,00;0,00;NaN;0,00;2025-04-07 11:47:08
1;1;20;0;37;43,24;56,76;0,00;0,00;0,00;2025-04-07 11:47:56
1;1;20;15;0;0,00;0,00;0,00;NaN;0,00;2025-04-07 11:56:03
1;1;20;15;0;0,00;0,00;0,00;NaN;0,00;2025-04-07 11:58:43
1;1;20;15;0;0,00;0,00;0,00;NaN;0,00;2025-04-07 11:59:33
1;1;20;15;0;0,00;0,00;0,00;NaN;0,00;2025-04-07 12:34:29
1;1;20;15;0;0,00;0,00;0,00;NaN;0,00;2025-04-07 12:35:50
1;1;20;15;0;0,00;0,00;0,00;NaN;0,00;2025-04-07 12:42:07
1;1;20;15;0;0,00;0,00;0,00;NaN;0,00;2025-04-07 12:44:50
1;1;20;15;0;0,00;0,00;0,00;NaN;0,00;2025-04-07 12:46:55
1;1;20;15;0;0,00;0,00;0,00;NaN;0,00;2025-04-07 12:49:45
1;1;20;15;0;0,00;0,00;0,00;NaN;0,00;2025-04-07 12:49:55
1;1;20;15;0;0,00;0,00;0,00;NaN;0,00;2025-04-07 12:51:34
1;1;20;15;0;0,00;0,00;0,00;NaN;0,00;2025-04-07 12:54:17
1;1;20;15;0;0,00;0,00;0,00;NaN;0,00;2025-04-07 12:55:58
1;1;20;15;0;0,00;0,00;0,00;NaN;0,00;2025-04-07 12:56:21
1;1;20;15;0;0,00;0,00;0,00;NaN;0,00;2025-04-07 12:56:58
1;1;20;15;0;0,00;0,00;0,00;NaN;0,00;2025-04-07 12:58:37
1;1;3;15;35;34,29;65,71;0,00;68,75;39,13;2025-04-07 12:58:53
1;2;3;15;0;0,00;0,00;0,00;68,75;39,13;2025-04-07 12:58:53
1;2;9;15;36;50,00;50,00;0,00;71,88;65,22;2025-04-07 12:59:18
1;3;9;15;0;0,00;0,00;0,00;71,88;65,22;2025-04-07 12:59:18
1;3;26;15;35;42,86;34,29;22,86;87,50;95,65;2025-04-07 12:59:32
1;4;26;15;0;0,00;0,00;0,00;87,50;95,65;2025-04-07 12:59:32
